,eyesight,aggression,speed,strength,stamina
eyesight,1.0,0.1897112752567735,0.39229688505261917,0.06412465430940452,-0.03636577727828613
aggression,0.1897112752567735,1.0,0.11023054815233575,0.4713833719733555,0.026130099513474444
speed,0.39229688505261917,0.11023054815233575,1.0,0.08418388236594108,0.01392035151921652
strength,0.06412465430940452,0.4713833719733555,0.08418388236594108,1.0,0.005022964526895719
stamina,-0.03636577727828613,0.026130099513474444,0.01392035151921652,0.005022964526895719,1.0
