,eyesight,aggression,speed,strength,stamina
eyesight,1.0,0.0147768766570901,0.15764098393083506,-0.09225937245686458,-0.007931431574265133
aggression,0.0147768766570901,1.0,-0.03976812702680615,0.038683342847673906,-0.015443351883491996
speed,0.15764098393083506,-0.03976812702680615,1.0,-0.0009748212555013225,0.025902550755638687
strength,-0.09225937245686458,0.038683342847673906,-0.0009748212555013225,1.0,0.08560731487869463
stamina,-0.007931431574265133,-0.015443351883491996,0.025902550755638687,0.08560731487869463,1.0
