,eyesight,aggression,speed,strength,stamina
eyesight,1.0,0.02669755437061924,0.2903231534181332,0.03258257404790603,-0.02423620103090933
aggression,0.02669755437061924,1.0,0.07560843100131312,0.17698977296502172,-0.025864310439198034
speed,0.2903231534181332,0.07560843100131312,1.0,0.11773591937499048,-0.013623568795285647
strength,0.03258257404790603,0.17698977296502172,0.11773591937499048,1.0,-0.03872336944857114
stamina,-0.02423620103090933,-0.025864310439198034,-0.013623568795285647,-0.03872336944857114,1.0
