,eyesight,aggression,speed,strength,stamina
eyesight,1.0,0.0016575516681715204,0.1330664525549939,-0.06984931490418483,-0.01976539294028169
aggression,0.0016575516681715204,1.0,-0.02761838681085378,0.09169429040972374,0.013075925483322589
speed,0.1330664525549939,-0.02761838681085378,1.0,0.047453293760357645,-0.00526967282807433
strength,-0.06984931490418483,0.09169429040972374,0.047453293760357645,1.0,0.04023666477093883
stamina,-0.01976539294028169,0.013075925483322589,-0.00526967282807433,0.04023666477093883,1.0
