,eyesight,aggression,speed,strength,stamina
eyesight,1.0,0.0006325994991835581,0.1806832663059814,-0.0942062966699248,-0.04056787132334045
aggression,0.0006325994991835581,1.0,-0.009915772988179354,0.06929706960233817,0.023923134470878314
speed,0.1806832663059814,-0.009915772988179354,1.0,0.020373814094600973,0.018743177111859546
strength,-0.0942062966699248,0.06929706960233817,0.020373814094600973,1.0,0.07498939378465146
stamina,-0.04056787132334045,0.023923134470878314,0.018743177111859546,0.07498939378465146,1.0
