,eyesight,aggression,speed,strength,stamina
eyesight,1.0,0.10438970187470027,0.3130567479055149,0.1009898527172032,-0.058066060203979
aggression,0.10438970187470027,1.0,0.0531640944234656,0.4482860484838888,0.04203267854147994
speed,0.3130567479055149,0.0531640944234656,1.0,0.07252426602219345,-0.05784359667890911
strength,0.1009898527172032,0.4482860484838888,0.07252426602219345,1.0,-0.021354705500624464
stamina,-0.058066060203979,0.04203267854147994,-0.05784359667890911,-0.021354705500624464,1.0
