,eyesight,aggression,speed,strength,stamina
eyesight,1.0,0.15061672851759536,0.938269139314304,0.25442079616323654,0.6836565160924694
aggression,0.15061672851759536,1.0,0.07343117808560606,0.0104408144163658,0.11552870001594145
speed,0.938269139314304,0.07343117808560606,1.0,0.29743936993366027,0.7139790875153624
strength,0.25442079616323654,0.0104408144163658,0.29743936993366027,1.0,0.3445648171768026
stamina,0.6836565160924694,0.11552870001594145,0.7139790875153624,0.3445648171768026,1.0
