,eyesight,aggression,speed,strength,stamina
eyesight,1.0,0.13093384191353324,0.327736486082628,0.06046352165356785,-0.03975481348695447
aggression,0.13093384191353324,1.0,0.06659609690843664,0.5281503305480699,-0.04195339173928199
speed,0.327736486082628,0.06659609690843664,1.0,0.020249803552642942,-0.007286264289051155
strength,0.06046352165356785,0.5281503305480699,0.020249803552642942,1.0,-0.037323547499572805
stamina,-0.03975481348695447,-0.04195339173928199,-0.007286264289051155,-0.037323547499572805,1.0
