,eyesight,aggression,speed,strength,stamina
eyesight,1.0,0.01621207988139772,0.1471979929753201,-0.0645120476095296,-0.021286797516899793
aggression,0.01621207988139772,1.0,-0.012096101041678005,0.06421718724685302,-0.01819123965982249
speed,0.1471979929753201,-0.012096101041678005,1.0,0.06191618119214365,0.0010110034091814482
strength,-0.0645120476095296,0.06421718724685302,0.06191618119214365,1.0,0.06116303621535439
stamina,-0.021286797516899793,-0.01819123965982249,0.0010110034091814482,0.06116303621535439,1.0
