,eyesight,aggression,speed,strength,stamina
eyesight,1.0,0.13646532225603392,0.4187216977984402,0.11455403278092191,-0.06599873920848616
aggression,0.13646532225603392,1.0,0.1129158574898682,0.47454200697414295,0.028248834608546658
speed,0.4187216977984402,0.1129158574898682,1.0,0.1195094589096494,-0.013972890934963896
strength,0.11455403278092191,0.47454200697414295,0.1195094589096494,1.0,0.0015961973312092024
stamina,-0.06599873920848616,0.028248834608546658,-0.013972890934963896,0.0015961973312092024,1.0
