,eyesight,aggression,speed,strength,stamina
eyesight,1.0,0.1846652754727478,0.3613154171780121,0.1377029221954892,0.11701360109395018
aggression,0.1846652754727478,1.0,0.12891279851650533,0.36254934073785877,0.08494987701716755
speed,0.3613154171780121,0.12891279851650533,1.0,0.12934863841935604,0.04544740707682407
strength,0.1377029221954892,0.36254934073785877,0.12934863841935604,1.0,-0.04089852146330507
stamina,0.11701360109395018,0.08494987701716755,0.04544740707682407,-0.04089852146330507,1.0
