,eyesight,aggression,speed,strength,stamina
eyesight,1.0,0.009999086110680667,0.3081254169367478,0.11937826932919712,-0.05406975737971153
aggression,0.009999086110680667,1.0,0.057441543537929345,0.3723009333457536,-0.010074922916129036
speed,0.3081254169367478,0.057441543537929345,1.0,0.13308755928118599,-0.0989108619640899
strength,0.11937826932919712,0.3723009333457536,0.13308755928118599,1.0,-0.09504219002078347
stamina,-0.05406975737971153,-0.010074922916129036,-0.0989108619640899,-0.09504219002078347,1.0
